{
    "hidden_dim": 58,
    "lstm_layers": 3,
    "dropout": 0.3653044923417732,
    "lr": 0.0017636428234967948
}